SITE_ID,SUB_ID,DX_GROUP,DSM_IV_TR,AGE_AT_SCAN,SEX,HANDEDNESS_CATEGORY,HANDEDNESS_SCORES,FIQ,VIQ,PIQ,FIQ_TEST_TYPE,VIQ_TEST_TYPE,PIQ_TEST_TYPE,ADI_R_SOCIAL_TOTAL_A,ADI_R_VERBAL_TOTAL_BV,ADI_RRB_TOTAL_C,ADI_R_ONSET_TOTAL_D,ADI_R_RSRCH_RELIABLE,ADOS_MODULE,ADOS_TOTAL,ADOS_COMM,ADOS_SOCIAL,ADOS_STEREO_BEHAV,ADOS_RSRCH_RELIABLE,ADOS_GOTHAM_SOCAFFECT,ADOS_GOTHAM_RRB,ADOS_GOTHAM_TOTAL,ADOS_GOTHAM_SEVERITY,SRS_VERSION,SRS_RAW_TOTAL,SRS_AWARENESS,SRS_COGNITION,SRS_COMMUNICATION,SRS_MOTIVATION,SRS_MANNERISMS,SCQ_TOTAL,AQ_TOTAL,COMORBIDITY,CURRENT_MED_STATUS,MEDICATION_NAME,OFF_STIMULANTS_AT_SCAN,VINELAND_RECEPTIVE_V_SCALED,VINELAND_EXPRESSIVE_V_SCALED,VINELAND_WRITTEN_V_SCALED,VINELAND_COMMUNICATION_STANDARD,VINELAND_PERSONAL_V_SCALED,VINELAND_DOMESTIC_V_SCALED,VINELAND_COMMUNITY_V_SCALED,VINELAND_DAILYLVNG_STANDARD,VINELAND_INTERPERSONAL_V_SCALED,VINELAND_PLAY_V_SCALED,VINELAND_COPING_V_SCALED,VINELAND_SOCIAL_STANDARD,VINELAND_SUM_SCORES,VINELAND_ABC_STANDARD,VINELAND_INFORMANT,WISC_IV_VCI,WISC_IV_PRI,WISC_IV_WMI,WISC_IV_PSI,WISC_IV_SIM_SCALED,WISC_IV_VOCAB_SCALED,WISC_IV_INFO_SCALED,WISC_IV_BLK_DSN_SCALED,WISC_IV_PIC_CON_SCALED,WISC_IV_MATRIX_SCALED,WISC_IV_DIGIT_SPAN_SCALED,WISC_IV_LET_NUM_SCALED,WISC_IV_CODING_SCALED,WISC_IV_SYM_SCALED,EYE_STATUS_AT_SCAN,AGE_AT_MPRAGE,BMI
NYU,50952,1,1,8.74,2,,16,134,139,120,WASI,WASI,WASI,22,22,10,3,0,3,17,7,10,4,1,18,4,22,10,1,75,,,,,,15,,,0,,,-9999,-9999,-9999,-9999,-9999,-9999,-9999,-9999,-9999,-9999,-9999,-9999,-9999,-9999,-9999,,,,,,,,,,,,,,,1,,-9999
NYU,50953,1,1,11.764,2,,54,132,139,117,WASI,WASI,WASI,23,18,8,2,1,3,13,3,10,3,1,11,3,14,8,1,128,,,,,,30,,ADHD Inattentive,0,,,10,12,21,96,18,17,14,107,10,13,10,78,281,92,1,,,,,,,,,,,,,,,1,,16.58
NYU,50954,1,1,14.75,2,,69,78,79,80,WASI,WASI,WASI,25,23,6,4,1,3,11,3,8,4,1,8,5,13,8,1,103,,,,,,29,,,0,,,11,11,11,75,12,10,13,79,12,10,14,80,234,76,1,,,,,,,,,,,,,,,1,,20.4
NYU,50955,1,1,12.64,2,,60,93,96,91,WASI,WASI,WASI,27,21,1,4,1,3,14,3,11,3,1,12,3,15,9,1,139,,,,,,16,,ADHD Inattentive,0,,,9,10,14,77,14,10,15,87,7,7,11,64,228,74,1,,,,,,,,,,,,,,,1,,34.77
NYU,50956,1,1,14.06,2,,-42,115,115,110,WASI,WASI,WASI,-9999,-9999,-9999,-9999,0,3,10,2,8,5,1,9,4,13,8,1,24,,,,,,6,,,0,,,16,13,13,93,11,15,14,89,11,10,12,78,260,85,1,,,,,,,,,,,,,,,1,,18.1
NYU,50957,1,1,14.75,2,,51,79,84,79,WASI,WASI,WASI,13,15,5,3,1,3,6,2,4,0,1,5,0,5,3,1,90,,,,,,22,,,0,,,9,8,13,71,11,9,14,77,8,8,11,67,215,70,1,,,,,,,,,,,,,,,1,,21.44
NYU,50958,1,1,10.23,2,,83,101,109,92,WASI,WASI,WASI,25,22,6,5,1,3,7,3,4,1,1,6,2,8,5,1,69,,,,,,20,,,0,,,13,10,12,81,9,9,11,69,7,8,15,73,223,72,1,,,,,,,,,,,,,,,2,,16.21
NYU,50959,1,2,22.81,2,,63,118,129,104,WASI,WASI,WASI,21,19,5,2,1,4,6,2,4,1,1,-9999,-9999,-9999,-9999,2,101,,,,,,-9999,,Anxiety Disorder NOS;,1,Eszopiclone; Citalopram; Lorazepam,0,13,10,12,72,14,13,9,78,7,10,10,54,204,66,1,,,,,,,,,,,,,,,1,,-9999
NYU,50960,1,2,38.76,2,,100,114,108,119,WASI,WASI,WASI,-9999,-9999,-9999,-9999,0,4,8,3,5,2,1,-9999,-9999,-9999,-9999,2,103,,,,,,-9999,,ADHD Inattentive,0,,,10,9,16,72,11,16,13,85,11,11,13,75,232,75,2,,,,,,,,,,,,,,,2,,-9999
NYU,50961,1,2,25.02,2,,90,92,89,96,WASI,WASI,WASI,-9999,-9999,-9999,-9999,0,4,10,2,8,2,1,-9999,-9999,-9999,-9999,2,98,,,,,,-9999,,,1,Escitalopram; Clonidine,0,11,9,11,60,14,11,10,76,8,12,12,69,205,66,2,,,,,,,,,,,,,,,2,,-9999
NYU,50962,1,2,24.41,2,,91,98,108,88,WASI,WASI,WASI,10,8,5,2,1,4,15,3,12,0,1,-9999,-9999,-9999,-9999,2,136,,,,,,-9999,,Anxiety Disorder NOS; Mood Disorder NOS,0,,,8,8,12,48,7,5,4,42,5,9,6,38,128,41,1,,,,,,,,,,,,,,,1,,-9999
NYU,50964,1,1,12.75,1,,59,106,108,101,WASI,WASI,WASI,-9999,16,8,5,0,3,18,6,12,2,1,11,3,14,8,1,125,,,,,,-9999,,,0,,,-9999,-9999,-9999,-9999,-9999,-9999,-9999,-9999,-9999,-9999,-9999,-9999,-9999,-9999,-9999,,,,,,,,,,,,,,,1,,-9999
NYU,50965,1,3,9.25,1,,48,132,119,136,WASI,WASI,WASI,19,20,3,3,1,3,7,4,3,0,1,6,0,6,3,1,69,,,,,,,,ADHD Hyperactive/Impulsive,0,,,8,11,17,82,14,14,15,95,9,14,12,82,259,84,1,,,,,,,,,,,,,,,1,,-9999
NYU,50966,1,3,15.14,1,,91,108,100,115,WASI,WASI,WASI,25,18,3,5,1,4,10,3,7,1,1,-9999,-9999,-9999,-9999,1,42,,,,,,24,,Mood Disorder NOS,0,,,7,7,9,62,8,4,8,57,8,8,10,65,184,60,1,,,,,,,,,,,,,,,2,,25.44
NYU,50967,1,3,9.74,1,,-89,76,84,72,WASI,WASI,WASI,-9999,-9999,-9999,-9999,0,3,6,0,6,2,1,5,2,7,4,1,123,,,,,,20,,,0,,,-9999,-9999,-9999,-9999,-9999,-9999,-9999,-9999,-9999,-9999,-9999,-9999,-9999,-9999,-9999,,,,,,,,,,,,,,,1,,13.51
NYU,50968,1,3,9.95,1,,64,108,106,109,WASI,WASI,WASI,22,16,6,5,1,3,10,4,6,1,1,7,2,9,6,1,97,,,,,,19,,ADHD NOS,0,,,9,11,11,74,16,12,13,91,8,12,16,83,248,81,1,,,,,,,,,,,,,,,1,,18.74
NYU,50969,1,2,7.61,1,,-11,129,108,146,WASI,WASI,WASI,18,20,9,5,1,3,11,4,7,5,1,8,5,13,9,1,107,,,,,,25,,,0,,,12,12,15,88,13,14,15,93,10,10,13,78,259,84,1,,,,,,,,,,,,,,,1,,13.42
NYU,50970,1,2,8.9,1,,91,99,99,99,WASI,WASI,WASI,16,15,5,3,1,3,10,2,8,2,1,8,2,10,6,1,83,,,,,,16,,Mood Disorder NOS,0,,,-9999,-9999,-9999,-9999,-9999,-9999,-9999,-9999,-9999,-9999,-9999,-9999,-9999,-9999,-9999,,,,,,,,,,,,,,,1,,-9999
NYU,50971,1,2,10.24,1,,81,122,111,128,WASI,WASI,WASI,20,18,12,3,1,3,6,3,3,3,1,3,4,7,4,1,108,,,,,,19,,ADHD Combined and Specific Phobia,1,Methylphenidate Extended Release,1,10,11,14,81,15,11,14,89,10,9,14,78,248,81,1,,,,,,,,,,,,,,,2,,-9999
NYU,50972,1,2,13.95,1,,54,100,100,100,WASI,WASI,WASI,11,12,5,1,1,3,13,3,10,2,1,11,4,15,9,1,99,,,,,,17,,,1,Methylphenidate Extended Release; Sertraline,1,13,12,13,86,17,17,14,103,10,16,15,92,281,92,1,,,,,,,,,,,,,,,1,,25.23
NYU,50973,1,2,17.88,1,,82,112,113,108,WASI,WASI,WASI,26,16,6,3,1,4,12,5,7,2,1,-9999,-9999,-9999,-9999,1,99,,,,,,26,,ADHD Combined; Encopresis,1,Amphetamine and Dextroamphetamine Extended Release; Atomoxetine; Amphetamine and dextroamphetamine,1,9,9,11,69,10,13,10,76,9,9,9,67,212,69,1,,,,,,,,,,,,,,,1,,-9999
NYU,50974,1,2,11.56,1,,90,90,99,85,WASI,WASI,WASI,14,10,8,1,1,3,17,4,13,1,1,16,1,17,9,1,69,,,,,,8,,Generalized Anxiety Disorder; Specific Phobia: bugs; dogs; elevators,0,,,12,10,14,82,12,11,14,83,13,11,15,89,254,83,1,,,,,,,,,,,,,,,1,,-9999
NYU,50975,1,2,10.96,1,,63,100,112,89,WASI,WASI,WASI,15,15,6,3,1,3,13,4,9,4,1,13,4,17,9,-9999,-9999,,,,,,9,,Mood Disorder NOS,0,,,-9999,-9999,-9999,-9999,-9999,-9999,-9999,-9999,-9999,-9999,-9999,-9999,-9999,-9999,-9999,,,,,,,,,,,,,,,1,,-9999
NYU,50976,1,2,14.65,1,,90,127,117,132,WASI,WASI,WASI,18,12,4,1,1,3,7,1,6,1,1,6,2,8,5,1,71,,,,,,12,,,0,,,16,13,15,98,16,14,18,109,9,11,17,82,289,95,1,,,,,,,,,,,,,,,1,,17.92
NYU,50977,1,2,7.13,1,,65,142,129,145,WASI,WASI,WASI,11,9,9,1,1,3,7,4,3,2,1,4,3,7,4,1,99,,,,,,16,,ADHD,0,,,18,16,20,120,16,12,16,97,14,12,14,91,308,101,1,,,,,,,,,,,,,,,1,,15.04
NYU,50978,1,2,9.58,1,,44,142,126,149,WASI,WASI,WASI,16,17,5,3,1,3,7,0,7,3,1,6,4,10,6,1,92,,,,,,15,,Mood Disorder NOS,0,,,13,12,16,92,17,12,14,95,9,13,13,82,269,88,1,,,,,,,,,,,,,,,1,,13.71
NYU,50979,1,2,9.37,1,,73,114,99,129,WASI,WASI,WASI,13,17,7,2,1,3,14,5,9,3,1,11,3,14,8,1,95,,,,,,15,,,0,,,8,10,13,74,10,11,11,74,11,10,13,80,228,74,1,,,,,,,,,,,,,,,1,,17.59
NYU,50980,1,2,8.52,1,,35,136,127,137,WASI,WASI,WASI,20,19,7,3,1,3,8,2,6,2,1,7,3,10,6,1,65,,,,,,18,,Diurnal & Nocturnal Enuresis; Encopresis; Transient Tic Disorder,0,,,15,13,16,98,10,14,14,85,10,9,12,75,268,87,1,,,,,,,,,,,,,,,1,,21.12
NYU,50981,1,1,12.96,1,,-31,100,100,99,WASI,WASI,WASI,27,17,12,3,1,3,9,3,6,2,1,6,4,10,8,1,142,,,,,,28,,,0,,,-9999,-9999,-9999,-9999,-9999,-9999,-9999,-9999,-9999,-9999,-9999,-9999,-9999,-9999,-9999,,,,,,,,,,,,,,,1,,16.71
NYU,50982,1,1,9.46,1,,29,119,121,106,WASI,WASI,WASI,18,15,3,2,0,3,12,3,9,3,1,11,4,15,9,1,114,,,,,,11,,,0,,,-9999,-9999,-9999,-9999,-9999,-9999,-9999,-9999,-9999,-9999,-9999,-9999,-9999,-9999,-9999,,,,,,,,,,,,,,,1,,15.04
NYU,50983,1,1,10.48,1,,64,117,132,101,WASI,WASI,WASI,12,10,6,3,1,3,9,3,6,1,1,6,3,9,6,1,99,,,,,,9,,,0,,,10,15,16,92,17,16,19,113,12,15,15,94,299,99,1,,,,,,,,,,,,,,,1,,19.85
NYU,50984,1,1,13.2,1,,48,98,114,83,WASI,WASI,WASI,16,22,7,2,1,3,10,3,7,4,1,8,4,12,7,1,118,,,,,,22,,Generalized Anxiety Disorder,0,,,7,8,9,62,9,10,9,68,5,4,7,48,178,59,1,,,,,,,,,,,,,,,1,,32.53
NYU,50985,1,1,13.09,1,,52,90,84,100,WASI,WASI,WASI,27,20,5,3,1,3,15,5,10,4,1,13,5,18,10,1,123,,,,,,24,,,0,,,7,8,10,64,11,9,12,74,7,7,9,61,199,65,1,,,,,,,,,,,,,,,1,,16.13
NYU,50986,1,1,8.53,1,,33,102,108,115,WASI,WASI,WASI,18,13,5,3,1,3,13,3,10,2,1,11,2,13,8,1,107,,,,,,13,,ADHD Inattentive,1,Guanfacine Extended Release,,12,12,14,86,16,12,12,86,10,8,10,69,241,79,1,,,,,,,,,,,,,,,1,,-9999
NYU,50987,1,1,8.56,1,,-81,105,93,118,WASI,WASI,WASI,18,11,5,5,1,3,14,5,9,2,1,10,4,14,8,1,52,,,,,,22,,Specific Phobia: going down the stairs,0,,,11,12,13,82,12,10,11,76,11,13,11,82,240,78,1,,,,,,,,,,,,,,,1,,-9999
NYU,50988,1,1,14.21,1,,-24,112,113,115,WASI,WASI,WASI,27,19,6,5,1,3,17,5,12,3,1,16,3,19,10,1,111,,,,,,17,,ADHD Inattentive,0,,,16,12,15,95,13,14,14,91,10,7,15,74,260,85,1,,,,,,,,,,,,,,,2,,-9999
NYU,50989,1,1,9.78,1,,75,84,77,94,WASI,WASI,WASI,27,22,7,5,1,3,21,7,14,6,1,19,7,26,10,1,110,,,,,,34,,,1,Fluoxetine,,10,9,13,75,12,11,11,78,9,8,11,69,222,73,1,,,,,,,,,,,,,,,1,,-9999
NYU,50990,1,1,13.71,1,,62,131,126,129,WASI,WASI,WASI,16,12,11,3,1,3,22,8,14,2,1,20,4,24,10,1,34,,,,,,8,,Anxiety Disorder NOS,1,Fluoxetine,,16,17,12,100,13,11,12,81,12,12,18,93,274,90,1,,,,,,,,,,,,,,,1,,19.1
NYU,50991,1,1,10.9,1,,83,100,97,104,WASI,WASI,WASI,17,13,3,5,1,3,7,2,5,2,1,8,1,9,6,1,53,,,,,,8,,,0,,,14,13,10,84,14,11,15,89,15,13,15,97,270,88,1,,,,,,,,,,,,,,,1,,-9999
NYU,50992,1,1,10.66,1,,27,118,106,129,WASI,WASI,WASI,18,11,3,5,1,3,14,5,9,4,1,13,4,17,9,1,95,,,,,,14,,,0,,,13,12,12,84,17,14,18,105,8,16,16,91,280,92,1,,,,,,,,,,,,,,,1,,20.33
NYU,50993,1,1,10.87,1,,-83,101,98,105,WASI,WASI,WASI,23,16,9,3,1,3,8,2,6,1,1,5,2,7,4,1,118,,,,,,21,,Mood Disorder NOS; Separation Anxiety Dx; Enuresis,0,,,10,11,13,79,8,9,14,73,10,8,12,73,225,73,1,,,,,,,,,,,,,,,1,,-9999
NYU,50994,1,1,15.66,1,,82,102,95,108,WASI,WASI,WASI,20,17,7,3,1,4,15,5,10,4,1,-9999,-9999,-9999,-9999,1,89,,,,,,,,,0,,,-9999,-9999,-9999,-9999,-9999,-9999,-9999,-9999,-9999,-9999,-9999,-9999,-9999,-9999,-9999,,,,,,,,,,,,,,,1,,27.94
NYU,50995,1,1,16.74,1,,75,109,98,119,WASI,WASI,WASI,15,12,6,3,1,4,5,3,2,2,1,-9999,-9999,-9999,-9999,1,78,,,,,,22,,Social Phobia; Specific Phobia: spiders ,0,,,8,9,11,68,14,10,11,79,10,12,14,80,227,73,1,,,,,,,,,,,,,,,1,,20.2
NYU,50996,1,1,15.81,1,,-47,100,89,112,WASI,WASI,WASI,27,22,7,5,1,4,17,5,12,4,1,-9999,-9999,-9999,-9999,1,123,,,,,,31,,,0,,,10,8,10,68,10,10,11,72,7,3,9,56,196,64,1,,,,,,,,,,,,,,,1,,-9999
NYU,50997,1,1,16.27,1,,-33,123,131,109,WASI,WASI,WASI,16,13,5,3,1,4,15,4,11,2,1,-9999,-9999,-9999,-9999,1,72,,,,,,16,,Anxiety Disorder NOS & Depressive Disorder NOS in full remisison (on Tretament),1,Methylphenidate Extended Release; Sertraline; Mirtazapine ,1,9,10,13,74,13,11,11,79,8,5,11,63,276,71,1,,,,,,,,,,,,,,,1,,19.15
NYU,50998,1,1,13.04,1,,3,91,92,92,WASI,WASI,WASI,28,16,7,5,1,3,19,6,13,7,1,16,7,23,10,1,79,,,,,,25,,Enuresis; Tic Disorder NOS,0,,,9,10,11,74,14,11,13,85,10,12,16,87,244,79,1,,,,,,,,,,,,,,,1,,-9999
NYU,50999,1,1,14.53,1,,0,95,102,88,WASI,WASI,WASI,14,12,6,3,1,4,11,3,8,2,1,-9999,-9999,-9999,-9999,1,103,,,,,,15,,,1,Escitalopram,,11,9,13,75,15,11,11,83,8,10,11,63,221,72,1,,,,,,,,,,,,,,,1,,34.45
NYU,51000,1,1,13.33,1,,-68,78,74,88,WASI,WASI,WASI,15,12,9,1,1,3,12,3,9,3,1,10,3,13,8,1,82,,,,,,16,,ADHD Inattentive,0,,,11,12,10,77,15,16,16,105,10,8,18,83,265,87,1,,,,,,,,,,,,,,,1,,35.43
NYU,51001,1,1,10.71,1,,22,87,85,94,WASI,WASI,WASI,27,21,7,5,1,3,8,2,6,0,1,6,1,7,4,1,137,,,,,,23,,Generalized Anxiety Disorder; Specific phobia; Enuresis; Encopresis,0,,,7,9,11,67,9,2,9,61,5,7,8,55,183,60,1,,,,,,,,,,,,,,,1,,27.37
NYU,51002,1,1,7.228,1,,41,90,99,84,WASI,WASI,WASI,27,17,3,5,1,3,10,3,7,4,1,8,3,11,7,1,121,,,,,,26,,,0,,,11,9,11,74,20,15,14,107,9,12,12,78,259,84,1,,,,,,,,,,,,,,,2,,17.43
NYU,51003,1,1,8.51,1,,27,120,106,133,WASI,WASI,WASI,26,22,5,5,1,3,19,6,13,7,1,17,7,24,10,1,109,,,,,,23,,Specific Phobia: Butterflies,0,,,13,13,20,102,10,14,18,93,8,10,13,75,270,88,1,,,,,,,,,,,,,,,1,,22.71
NYU,51006,1,1,11.11,1,,36,103,101,104,WASI,WASI,WASI,20,15,6,2,1,3,10,3,7,3,1,9,3,12,7,1,150,,,,,,24,,Disruptive disorder NOS,0,,,8,10,13,74,11,12,13,81,7,7,9,61,216,70,1,,,,,,,,,,,,,,,1,,16.98
NYU,51007,1,1,11.92,1,,95,108,111,103,WASI,WASI,WASI,14,8,0,1,1,3,7,2,5,2,1,5,3,8,5,1,76,,,,,,7,,,0,,,9,11,11,71,14,12,12,85,7,10,9,66,222,72,1,,,,,,,,,,,,,,,1,,20.11
NYU,51008,1,1,12.37,1,,94,128,125,126,WASI,WASI,WASI,24,17,6,2,1,3,7,2,5,2,1,4,3,7,4,1,146,,,,,,,,,0,,,12,12,14,86,15,12,14,92,11,11,11,78,258,83,1,,,,,,,,,,,,,,,2,,-9999
NYU,51009,1,1,11.03,1,,-9,86,88,86,WASI,WASI,WASI,21,11,2,1,1,3,12,4,8,4,1,10,5,15,9,1,36,,,,,,,,,0,,,13,11,9,77,14,8,11,76,11,7,14,76,229,74,1,,,,,,,,,,,,,,,1,,21.63
NYU,51010,1,1,8.53,1,,100,148,137,147,WASI,WASI,WASI,15,9,0,3,1,3,9,2,7,3,1,8,4,11,7,1,44,,,,,,9,,ADHD NOS,0,,,17,15,16,106,13,17,21,112,9,16,13,87,305,100,1,,,,,,,,,,,,,,,2,,18.18
NYU,51011,1,1,8.79,1,,66,104,89,119,WASI,WASI,WASI,7,8,1,5,1,3,7,2,5,3,1,5,3,8,5,1,50,,,,,,5,,,0,,,15,13,18,102,16,14,15,100,12,14,17,96,298,97,1,,,,,,,,,,,,,,,1,,20.27
NYU,51012,1,1,9.79,1,,-7,96,88,103,WASI,WASI,WASI,21,13,6,4,1,3,10,3,7,3,1,8,3,11,7,1,77,,,,,,18,,,0,,,-9999,-9999,-9999,-9999,-9999,-9999,-9999,-9999,-9999,-9999,-9999,-9999,-9999,-9999,-9999,,,,,,,,,,,,,,,1,,-9999
NYU,51013,1,1,7.15,1,,-12,100,94,107,WASI,WASI,WASI,18,15,8,4,1,3,5,1,4,1,1,5,0,5,3,1,103,,,,,,20,,,1,Guanfacine Extended Release; Sertraline,,10,10,13,77,13,13,15,91,12,11,12,82,250,81,1,,,,,,,,,,,,,,,1,,20.68
NYU,51014,1,1,11.005,1,,75,106,89,125,WASI,WASI,WASI,23,20,8,3,1,3,10,3,7,2,1,7,3,10,6,1,79,,,,,,11,,,0,,,13,10,12,81,15,13,12,89,16,18,14,105,275,90,1,,,,,,,,,,,,,,,1,,17.42
NYU,51015,1,2,29.98,1,,76,105,105,103,WASI,WASI,WASI,9,8,4,1,1,4,8,5,3,2,1,-9999,-9999,-9999,-9999,2,61,,,,,,-9999,,,0,,,16,10,16,90,16,16,13,100,9,11,12,69,259,83,1,,,,,,,,,,,,,,,1,,-9999
NYU,51016,1,2,22.99,1,,91,134,136,124,WASI,WASI,WASI,22,23,7,3,1,4,11,4,7,3,1,-9999,-9999,-9999,-9999,2,77,,,,,,-9999,,Dysthymia,0,,,13,13,12,77,12,11,10,73,8,16,13,78,228,73,1,,,,,,,,,,,,,,,1,,-9999
NYU,51017,1,2,22.04,1,,83,137,136,129,WASI,WASI,WASI,13,8,3,3,1,4,13,3,10,1,1,-9999,-9999,-9999,-9999,2,70,,,,,,-9999,,,1,Methylphenidate Extended Release; Metadate,1,15,13,16,96,11,16,11,81,11,10,13,73,250,79,1,,,,,,,,,,,,,,,1,,-9999
NYU,51018,1,2,20.25,1,,65,116,115,114,WASI,WASI,WASI,9,14,2,4,1,4,8,2,6,2,1,-9999,-9999,-9999,-9999,2,67,,,,,,-9999,,,0,,,15,11,15,89,12,15,12,87,11,16,11,84,260,83,1,,,,,,,,,,,,,,,1,,-9999
NYU,51019,1,2,22.29,1,,-46,108,107,109,WASI,WASI,WASI,-9999,-9999,-9999,-9999,-9999,4,8,2,6,1,1,-9999,-9999,-9999,-9999,2,51,,,,,,-9999,,,0,,,8,10,11,51,10,10,10,68,10,9,17,77,196,63,2,,,,,,,,,,,,,,,1,,-9999
NYU,51020,1,1,28.58,1,,-91,107,108,103,WASI,WASI,WASI,18,14,3,3,1,4,13,6,7,2,1,-9999,-9999,-9999,-9999,2,65,,,,,,-9999,,Dysthymia ,1,Concerta,1,8,9,10,44,9,10,11,68,8,10,12,65,177,58,1,,,,,,,,,,,,,,,1,,-9999
NYU,51021,1,1,23.66,1,,62,112,120,101,WASI,WASI,WASI,25,25,4,5,1,4,8,3,5,0,1,-9999,-9999,-9999,-9999,2,144,,,,,,-9999,,ADHD Inattentive,1,Bupropion; Duloxetine; Methylphenidate Extended Release,1,11,10,11,64,10,2,10,52,1,1,8,20,136,44,1,,,,,,,,,,,,,,,1,,-9999
NYU,51023,1,1,20.62,1,,41,115,108,119,WASI,WASI,WASI,17,14,4,4,1,4,16,5,11,0,1,-9999,-9999,-9999,-9999,2,90,,,,,,-9999,,Dysthymia  ,0,,,7,6,10,62,9,7,10,65,7,11,10,68,195,63,1,,,,,,,,,,,,,,,1,,-9999
NYU,51024,1,1,39.1,1,,91,98,91,103,WASI,WASI,WASI,-9999,-9999,-9999,-9999,-9999,4,15,5,10,3,1,-9999,-9999,-9999,-9999,2,73,,,,,,-9999,,,1,Mirtazapine,,8,9,12,51,12,9,11,71,10,11,16,78,200,64,2,,,,,,,,,,,,,,,1,,-9999
NYU,51025,1,1,19.64,1,,64,94,81,109,WASI,WASI,WASI,21,20,3,4,1,4,17,5,12,1,1,-9999,-9999,-9999,-9999,2,59,,,,,,-9999,,,0,,,12,12,10,77,11,10,11,74,10,16,12,84,235,75,1,,,,,,,,,,,,,,,1,,-9999
NYU,51026,1,1,18.58,1,,-9999,108,110,103,WASI,WASI,WASI,24,23,9,5,1,4,5,3,2,1,1,-9999,-9999,-9999,-9999,-9999,-9999,,,,,,-9999,,Specific Phobia: needles/shots ,1,Amphetamine and Dextroamphetamine,1,15,9,12,80,11,11,15,83,14,17,11,91,254,81,1,,,,,,,,,,,,,,,1,,-9999
NYU,51027,1,1,22.98,1,,-30,102,106,99,WASI,WASI,WASI,27,20,2,5,1,4,10,4,6,1,1,-9999,-9999,-9999,-9999,2,118,,,,,,-9999,,,0,,,13,9,13,72,8,3,11,52,6,8,11,50,174,57,1,,,,,,,,,,,,,,,1,,-9999
NYU,51028,1,1,29.18,1,,65,80,73,92,WASI,WASI,WASI,-9999,-9999,-9999,-9999,-9999,4,18,6,12,1,1,-9999,-9999,-9999,-9999,2,164,,,,,,-9999,,Dysthymia; Agoraphobia dx; ,0,,,7,7,12,40,11,13,10,75,1,1,12,23,138,45,1,,,,,,,,,,,,,,,1,,-9999
NYU,51029,1,1,26.516,1,,65,107,107,110,WASI,WASI,WASI,18,18,9,5,1,4,12,4,8,1,1,-9999,-9999,-9999,-9999,2,118,,,,,,-9999,,,1,Amphetamine andDdextroamphetamine,1,11,9,13,67,12,11,12,76,11,16,13,83,226,73,1,,,,,,,,,,,,,,,1,,-9999
NYU,51030,1,3,7.29,1,,91,139,129,140,WASI,WASI,WASI,-9999,-9999,-9999,-9999,-9999,3,13,5,8,3,1,11,3,14,8,1,40,,,,,,,,ADHD Combined,1,Methylphenidate Extended Release,-9999,11,20,20,113,10,13,17,89,15,18,14,104,306,100,1,,,,,,,,,,,,,,,2,,-9999
NYU,51032,1,1,7.15,1,,65,93,104,85,WASI,WASI,WASI,9,14,3,3,1,3,10,4,6,2,1,6,3,9,6,1,66,,,,,,13,,ADHD Combined,0,,,12,12,14,86,12,11,16,87,15,13,15,96,269,88,1,,,,,,,,,,,,,,,2,,14.9
NYU,51033,1,1,9.98,1,,47,113,102,123,WASI,WASI,WASI,22,16,5,2,0,3,18,5,13,6,1,15,6,21,10,1,77,,,,,,9,,Social Phobia; ,0,,,-9999,-9999,-9999,-9999,-9999,-9999,-9999,-9999,-9999,-9999,-9999,-9999,-9999,-9999,-9999,,,,,,,,,,,,,,,1,,27.12
NYU,51034,1,1,10.65,1,,83,109,112,103,WASI,WASI,WASI,26,15,6,5,1,3,8,3,5,3,1,6,3,9,6,1,43,,,,,,14,,Mood NOS,0,,,10,11,14,81,16,13,15,97,13,13,13,89,267,87,1,,,,,,,,,,,,,,,1,,22.77
NYU,51035,1,1,10.27,1,,22,100,95,106,WASI,WASI,WASI,11,16,10,3,1,3,10,3,7,2,1,7,3,10,6,1,101,,,,,,19,,Generalized Anxiety Disorder,0,,,13,11,12,82,16,12,14,95,10,12,12,80,257,84,1,,,,,,,,,,,,,,,1,,15.46
NYU,51036,2,0,8.04,2,,4,101,102,99,WASI,WASI,WASI,,,,,,,,,,,,,,,,1,54,,,,,,,,,0,,,-9999,-9999,-9999,-9999,-9999,-9999,-9999,-9999,-9999,-9999,-9999,-9999,-9999,-9999,-9999,,,,,,,,,,,,,,,1,,14.06
NYU,51038,2,0,8.26,2,,83,134,143,117,WASI,WASI,WASI,,,,,,,,,,,,,,,,1,14,,,,,,,,,0,,,-9999,-9999,-9999,-9999,-9999,-9999,-9999,-9999,-9999,-9999,-9999,-9999,-9999,-9999,-9999,,,,,,,,,,,,,,,1,,13.51
NYU,51039,2,0,8.5,2,,53,136,131,133,WASI,WASI,WASI,,,,,,,,,,,,,,,,1,17,,,,,,3,,,0,,,17,16,19,115,16,13,14,95,18,18,19,122,332,110,1,,,,,,,,,,,,,,,1,,15.25
NYU,51040,2,0,8.52,2,,68,129,132,120,WASI,WASI,WASI,,,,,,,,,,,,,,,,1,28,,,,,,2,,,0,,,-9999,-9999,-9999,-9999,-9999,-9999,-9999,-9999,-9999,-9999,-9999,-9999,-9999,-9999,-9999,,,,,,,,,,,,,,,1,,18.45
NYU,51041,2,0,8.9,2,,46,100,100,99,WASI,WASI,WASI,,,,,,,,,,,,,,,,1,23,,,,,,1,,,0,,,18,15,18,113,16,17,18,112,17,16,17,110,335,111,1,,,,,,,,,,,,,,,1,,-9999
NYU,51042,2,0,8.91,2,,31,125,117,128,WASI,WASI,WASI,,,,,,,,,,,,,,,,1,21,,,,,,,,,0,,,-9999,-9999,-9999,-9999,-9999,-9999,-9999,-9999,-9999,-9999,-9999,-9999,-9999,-9999,-9999,,,,,,,,,,,,,,,1,,16.11
NYU,51044,2,0,10.86,2,,81,106,99,111,WASI,WASI,WASI,,,,,,,,,,,,,,,,1,8,,,,,,1,,,0,,,15,18,16,107,16,17,17,108,18,17,18,118,333,113,1,,,,,,,,,,,,,,,1,,22.13
NYU,51045,2,0,11.56,2,,33,80,85,79,WASI,WASI,WASI,,,,,,,,,,,,,,,,1,22,,,,,,,,,0,,,17,17,19,127,14,17,19,112,16,17,19,118,357,123,1,,,,,,,,,,,,,,,1,,-9999
NYU,51046,2,0,11.56,2,,75,103,115,91,WASI,WASI,WASI,,,,,,,,,,,,,,,,1,6,,,,,,,,,0,,,17,15,17,115,15,15,19,111,17,16,21,126,352,121,1,,,,,,,,,,,,,,,1,,18.82
NYU,51047,2,0,12.1,2,,48,123,119,119,WASI,WASI,WASI,,,,,,,,,,,,,,,,1,19,,,,,,2,,,0,,,15,14,15,99,16,15,14,100,15,14,18,107,306,102,1,,,,,,,,,,,,,,,1,,11.91
NYU,51048,2,0,12.44,2,,21,124,117,126,WASI,WASI,WASI,,,,,,,,,,,,,,,,1,10,,,,,,,,,0,,,-9999,-9999,-9999,-9999,-9999,-9999,-9999,-9999,-9999,-9999,-9999,-9999,-9999,-9999,-9999,,,,,,,,,,,,,,,1,,6.53
NYU,51049,2,0,13.22,2,,62,104,108,99,WASI,WASI,WASI,,,,,,,,,,,,,,,,1,17,,,,,,,,,0,,,-9999,-9999,-9999,-9999,-9999,-9999,-9999,-9999,-9999,-9999,-9999,-9999,-9999,-9999,-9999,,,,,,,,,,,,,,,1,,17.5
NYU,51050,2,0,13.25,2,,90,100,99,101,WASI,WASI,WASI,,,,,,,,,,,,,,,,1,30,,,,,,,,,0,,,-9999,-9999,-9999,-9999,-9999,-9999,-9999,-9999,-9999,-9999,-9999,-9999,-9999,-9999,-9999,,,,,,,,,,,,,,,1,,-9999
NYU,51051,2,0,14.06,2,,61,115,109,119,WASI,WASI,WASI,,,,,,,,,,,,,,,,1,16,,,,,,0,,,0,,,16,17,13,104,17,16,16,112,15,17,20,121,337,115,1,,,,,,,,,,,,,,,2,,21.96
NYU,51052,2,0,14.18,2,,73,117,108,124,WASI,WASI,WASI,,,,,,,,,,,,,,,,1,20,,,,,,,,,0,,,16,17,15,112,14,13,15,95,14,19,20,123,330,112,1,,,,,,,,,,,,,,,1,,-9999
NYU,51053,2,0,14.38,2,,91,123,119,120,WASI,WASI,WASI,,,,,,,,,,,,,,,,1,0,,,,,,,,,0,,,-9999,-9999,-9999,-9999,-9999,-9999,-9999,-9999,-9999,-9999,-9999,-9999,-9999,-9999,-9999,,,,,,,,,,,,,,,1,,17.85
NYU,51054,2,0,14.42,2,,75,132,132,124,WASI,WASI,WASI,,,,,,,,,,,,,,,,1,15,,,,,,3,,,0,,,16,17,19,134,15,15,16,104,15,16,20,118,356,123,1,,,,,,,,,,,,,,,1,,19.83
NYU,51055,2,0,15.95,2,,57,113,118,106,WASI,WASI,WASI,,,,,,,,,,,,,,,,1,22,,,,,,1,,,0,,,16,17,18,118,17,19,18,127,14,14,19,103,348,119,1,,,,,,,,,,,,,,,2,,20.04
NYU,51056,2,0,17.31,2,,53,98,103,92,WASI,WASI,WASI,,,,,,,,,,,,,,,,1,2,,,,,,1,,,0,,,13,16,15,97,15,16,16,104,15,17,18,107,308,101,1,,,,,,,,,,,,,,,1,,20.76
NYU,51057,2,0,21.58,2,,83,113,109,114,WASI,WASI,WASI,,,,,,,,,,,,,,,,-9999,-9999,,,,,,,,,0,,,-9999,-9999,-9999,-9999,-9999,-9999,-9999,-9999,-9999,-9999,-9999,-9999,-9999,-9999,-9999,,,,,,,,,,,,,,,1,,-9999
NYU,51058,2,0,22.11,2,,81,112,113,107,WASI,WASI,WASI,,,,,,,,,,,,,,,,-9999,-9999,,,,,,,,,0,,,-9999,-9999,-9999,-9999,-9999,-9999,-9999,-9999,-9999,-9999,-9999,-9999,-9999,-9999,-9999,,,,,,,,,,,,,,,1,,-9999
NYU,51059,2,0,22.76,2,,-9999,113,113,109,WASI,WASI,WASI,,,,,,,,,,,,,,,,-9999,-9999,,,,,,,,,0,,,-9999,-9999,-9999,-9999,-9999,-9999,-9999,-9999,-9999,-9999,-9999,-9999,-9999,-9999,-9999,,,,,,,,,,,,,,,1,,-9999
NYU,51060,2,0,22.74,2,,100,118,118,114,WASI,WASI,WASI,,,,,,,,,,,,,,,,-9999,-9999,,,,,,,,,0,,,-9999,-9999,-9999,-9999,-9999,-9999,-9999,-9999,-9999,-9999,-9999,-9999,-9999,-9999,-9999,,,,,,,,,,,,,,,1,,-9999
NYU,51061,2,0,27.03,2,,62,109,115,102,WASI,WASI,WASI,,,,,,,,,,,,,,,,-9999,-9999,,,,,,,,,0,,,-9999,-9999,-9999,-9999,-9999,-9999,-9999,-9999,-9999,-9999,-9999,-9999,-9999,-9999,-9999,,,,,,,,,,,,,,,1,,-9999
NYU,51062,2,0,27.76,2,,100,91,98,87,WASI,WASI,WASI,,,,,,,,,,,,,,,,-9999,-9999,,,,,,,,,0,,,-9999,-9999,-9999,-9999,-9999,-9999,-9999,-9999,-9999,-9999,-9999,-9999,-9999,-9999,-9999,,,,,,,,,,,,,,,1,,-9999
NYU,51063,2,0,29.13,2,,91,120,118,118,WASI,WASI,WASI,,,,,,,,,,,,,,,,-9999,-9999,,,,,,,,,0,,,-9999,-9999,-9999,-9999,-9999,-9999,-9999,-9999,-9999,-9999,-9999,-9999,-9999,-9999,-9999,,,,,,,,,,,,,,,1,,-9999
NYU,51064,2,0,7.26,1,,61,119,127,108,WASI,WASI,WASI,,,,,,,,,,,,,,,,1,15,,,,,,1,,,0,,,19,17,20,125,17,16,20,116,20,19,22,138,379,127,1,,,,,,,,,,,,,,,2,,16.98
NYU,51065,2,0,10.52,1,,46,105,111,97,WASI,WASI,WASI,,,,,,,,,,,,,,,,1,26,,,,,,6,,,0,,,17,19,14,108,18,14,18,108,18,18,22,132,348,119,1,,,,,,,,,,,,,,,2,,29.62
NYU,51066,2,0,18.59,1,,46,112,117,105,WASI,WASI,WASI,,,,,,,,,,,,,,,,-9999,-9999,,,,,,,,,0,,,-9999,-9999,-9999,-9999,-9999,-9999,-9999,-9999,-9999,-9999,-9999,-9999,-9999,-9999,-9999,,,,,,,,,,,,,,,2,,-9999
NYU,51067,2,0,23.65,1,,86,116,109,119,WASI,WASI,WASI,,,,,,,,,,,,,,,,-9999,-9999,,,,,,,,,0,,,-9999,-9999,-9999,-9999,-9999,-9999,-9999,-9999,-9999,-9999,-9999,-9999,-9999,-9999,-9999,,,,,,,,,,,,,,,2,,-9999
NYU,51068,2,0,31.78,1,,21,104,104,103,WASI,WASI,WASI,,,,,,,,,,,,,,,,-9999,-9999,,,,,,,,,0,,,-9999,-9999,-9999,-9999,-9999,-9999,-9999,-9999,-9999,-9999,-9999,-9999,-9999,-9999,-9999,,,,,,,,,,,,,,,2,,-9999
NYU,51069,2,0,8.15,1,,77,118,115,117,WASI,WASI,WASI,,,,,,,,,,,,,,,,1,5,,,,,,,,,0,,,15,21,20,125,16,14,19,107,18,18,20,124,356,119,1,,,,,,,,,,,,,,,1,,-9999
NYU,51070,2,0,7.29,1,,82,109,112,103,WASI,WASI,WASI,,,,,,,,,,,,,,,,1,15,,,,,,,,,0,,,-9999,-9999,-9999,-9999,-9999,-9999,-9999,-9999,-9999,-9999,-9999,-9999,-9999,-9999,-9999,,,,,,,,,,,,,,,2,,-9999
NYU,51071,2,0,10.69,1,,-9999,80,92,72,WASI,WASI,WASI,,,,,,,,,,,,,,,,1,5,,,,,,,,,0,,,-9999,-9999,-9999,-9999,-9999,-9999,-9999,-9999,-9999,-9999,-9999,-9999,-9999,-9999,-9999,,,,,,,,,,,,,,,2,,18.59
NYU,51072,2,0,11.91,1,,100,121,120,117,WASI,WASI,WASI,,,,,,,,,,,,,,,,1,42,,,,,,,,,0,,,-9999,-9999,-9999,-9999,-9999,-9999,-9999,-9999,-9999,-9999,-9999,-9999,-9999,-9999,-9999,,,,,,,,,,,,,,,2,,-9999
NYU,51073,2,0,12.49,1,,54,126,109,137,WASI,WASI,WASI,,,,,,,,,,,,,,,,1,29,,,,,,,,,0,,,-9999,-9999,-9999,-9999,-9999,-9999,-9999,-9999,-9999,-9999,-9999,-9999,-9999,-9999,-9999,,,,,,,,,,,,,,,2,,-9999
NYU,51074,2,0,12.81,1,,75,123,117,124,WASI,WASI,WASI,,,,,,,,,,,,,,,,1,7,,,,,,,,,0,,,-9999,-9999,-9999,-9999,-9999,-9999,-9999,-9999,-9999,-9999,-9999,-9999,-9999,-9999,-9999,,,,,,,,,,,,,,,2,,-9999
NYU,51075,2,0,14.2,1,,-9999,109,121,96,WASI,WASI,WASI,,,,,,,,,,,,,,,,1,40,,,,,,,,,0,,,-9999,-9999,-9999,-9999,-9999,-9999,-9999,-9999,-9999,-9999,-9999,-9999,-9999,-9999,-9999,,,,,,,,,,,,,,,2,,-9999
NYU,51076,2,0,16.93,1,,25,124,120,120,WASI,WASI,WASI,,,,,,,,,,,,,,,,1,23,,,,,,,,,0,,,-9999,-9999,-9999,-9999,-9999,-9999,-9999,-9999,-9999,-9999,-9999,-9999,-9999,-9999,-9999,,,,,,,,,,,,,,,2,,-9999
NYU,51077,2,0,17.3,1,,69,109,113,104,WASI,WASI,WASI,,,,,,,,,,,,,,,,1,31,,,,,,,,,0,,,-9999,-9999,-9999,-9999,-9999,-9999,-9999,-9999,-9999,-9999,-9999,-9999,-9999,-9999,-9999,,,,,,,,,,,,,,,2,,26.46
NYU,51078,2,0,6.47,1,,-36,114,113,111,WASI,WASI,WASI,,,,,,,,,,,,,,,,1,12,,,,,,3,,,0,,,19,23,17,127,19,17,21,123,18,18,21,122,469,121,1,,,,,,,,,,,,,,,1,,18.6
NYU,51079,2,0,7.19,1,,33,129,120,131,WASI,WASI,WASI,,,,,,,,,,,,,,,,1,26,,,,,,,,,0,,,18,18,21,127,16,15,21,114,18,19,19,124,365,122,1,,,,,,,,,,,,,,,1,,16.59
NYU,51080,2,0,8.01,1,,29,110,117,102,WASI,WASI,WASI,,,,,,,,,,,,,,,,1,11,,,,,,,,,0,,,19,22,20,138,19,17,19,121,19,19,20,129,388,131,1,,,,,,,,,,,,,,,1,,-9999
NYU,51081,2,0,8.82,1,,21,98,88,108,WASI,WASI,WASI,,,,,,,,,,,,,,,,1,50,,,,,,5,,,0,,,13,17,18,106,18,15,18,112,17,16,17,110,328,108,1,,,,,,,,,,,,,,,1,,-9999
NYU,51082,2,0,8.88,1,,33,119,127,108,WASI,WASI,WASI,,,,,,,,,,,,,,,,1,21,,,,,,8,,,0,,,17,16,19,115,18,17,19,119,15,13,17,100,334,110,1,,,,,,,,,,,,,,,1,,25.96
NYU,51083,2,0,8.93,1,,18,100,91,109,WASI,WASI,WASI,,,,,,,,,,,,,,,,1,6,,,,,,,,,0,,,-9999,-9999,-9999,-9999,-9999,-9999,-9999,-9999,-9999,-9999,-9999,-9999,-9999,-9999,-9999,,,,,,,,,,,,,,,1,,21.37
NYU,51084,2,0,9.23,1,,54,118,127,106,WASI,WASI,WASI,,,,,,,,,,,,,,,,1,19,,,,,,,,,0,,,-9999,-9999,-9999,-9999,-9999,-9999,-9999,-9999,-9999,-9999,-9999,-9999,-9999,-9999,-9999,,,,,,,,,,,,,,,1,,18.18
NYU,51085,2,0,9.81,1,,81,101,109,93,WASI,WASI,WASI,,,,,,,,,,,,,,,,1,12,,,,,,1,,,0,,,16,16,15,104,14,10,19,95,16,17,21,119,318,104,1,,,,,,,,,,,,,,,1,,-9999
NYU,51086,2,0,10.46,1,,28,119,118,116,WASI,WASI,WASI,,,,,,,,,,,,,,,,1,23,,,,,,5,,,0,,,15,18,16,108,17,12,18,103,16,18,18,115,326,107,1,,,,,,,,,,,,,,,1,,14.63
NYU,51087,2,0,10.52,1,,91,111,102,119,WASI,WASI,WASI,,,,,,,,,,,,,,,,1,18,,,,,,3,,,0,,,15,19,19,116,18,12,18,103,17,16,18,112,331,112,1,,,,,,,,,,,,,,,1,,18.83
NYU,51088,2,0,10.73,1,,-31,121,120,117,WASI,WASI,WASI,,,,,,,,,,,,,,,,1,16,,,,,,3,,,0,,,15,19,14,105,17,15,20,113,16,15,19,109,327,111,1,,,,,,,,,,,,,,,1,,-9999
NYU,51089,2,0,10.76,1,,55,138,131,135,WASI,WASI,WASI,,,,,,,,,,,,,,,,1,0,,,,,,,,,0,,,-9999,-9999,-9999,-9999,-9999,-9999,-9999,-9999,-9999,-9999,-9999,-9999,-9999,-9999,-9999,,,,,,,,,,,,,,,1,,-9999
NYU,51090,2,0,11.03,1,,44,107,105,107,WASI,WASI,WASI,,,,,,,,,,,,,,,,1,19,,,,,,2,,,0,,,-9999,-9999,-9999,-9999,-9999,-9999,-9999,-9999,-9999,-9999,-9999,-9999,-9999,-9999,-9999,,,,,,,,,,,,,,,1,,15
NYU,51091,2,0,11.32,1,,72,142,141,133,WASI,WASI,WASI,,,,,,,,,,,,,,,,1,12,,,,,,,,,0,,,15,15,15,100,23,15,19,124,16,13,13,99,323,109,1,,,,,,,,,,,,,,,1,,22.86
NYU,51093,2,0,11.69,1,,44,116,113,116,WASI,WASI,WASI,,,,,,,,,,,,,,,,-9999,-9999,,,,,,,,,0,,,17,17,16,117,19,20,19,126,17,14,19,114,357,123,1,,,,,,,,,,,,,,,1,,15.36
NYU,51094,2,0,12.1,1,,63,107,112,99,WASI,WASI,WASI,,,,,,,,,,,,,,,,1,19,,,,,,,,,0,,,-9999,-9999,-9999,-9999,-9999,-9999,-9999,-9999,-9999,-9999,-9999,-9999,-9999,-9999,-9999,,,,,,,,,,,,,,,1,,-9999
NYU,51095,2,0,12.23,1,,61,123,134,106,WASI,WASI,WASI,,,,,,,,,,,,,,,,1,31,,,,,,6,,,0,,,14,15,14,97,13,12,16,91,13,14,16,97,285,94,1,,,,,,,,,,,,,,,1,,-9999
NYU,51096,2,0,13.18,1,,72,101,95,106,WASI,WASI,WASI,,,,,,,,,,,,,,,,1,27,,,,,,6,,,0,,,13,17,13,95,18,12,16,102,15,14,19,106,303,101,1,,,,,,,,,,,,,,,1,,-9999
NYU,51097,2,0,13.583,1,,91,126,126,119,WASI,WASI,WASI,,,,,,,,,,,,,,,,1,15,,,,,,0,,,0,,,16,17,14,106,15,13,16,98,15,14,18,103,307,102,1,,,,,,,,,,,,,,,1,,21.29
NYU,51098,2,0,13.628,1,,82,134,131,129,WASI,WASI,WASI,,,,,,,,,,,,,,,,1,52,,,,,,1,,,0,,,16,17,17,116,20,15,19,125,19,17,21,128,369,128,1,,,,,,,,,,,,,,,1,,18.13
NYU,51099,2,0,13.72,1,,69,87,93,86,WASI,WASI,WASI,,,,,,,,,,,,,,,,1,28,,,,,,2,,,0,,,14,15,16,100,15,14,18,105,16,15,16,103,308,103,1,,,,,,,,,,,,,,,1,,18.19
NYU,51100,2,0,14.36,1,,90,91,102,83,WASI,WASI,WASI,,,,,,,,,,,,,,,,1,21,,,,,,3,,,0,,,13,13,15,89,13,15,16,99,14,14,17,100,288,95,1,,,,,,,,,,,,,,,1,,19.34
NYU,51101,2,0,14.425,1,,44,104,116,92,WASI,WASI,WASI,,,,,,,,,,,,,,,,1,20,,,,,,2,,,0,,,13,14,15,92,15,13,18,104,14,17,20,118,314,105,1,,,,,,,,,,,,,,,1,,24.12
NYU,51102,2,0,14.653,1,,22,110,119,100,WASI,WASI,WASI,,,,,,,,,,,,,,,,1,56,,,,,,1,,,0,,,16,17,14,108,18,13,16,107,16,16,20,121,336,114,1,,,,,,,,,,,,,,,1,,-9999
NYU,51103,2,0,14.66,1,,90,126,115,132,WASI,WASI,WASI,,,,,,,,,,,,,,,,1,19,,,,,,0,,,0,,,16,14,13,95,14,9,19,74,13,15,14,92,261,85,1,,,,,,,,,,,,,,,1,,17.78
NYU,51104,2,0,15.27,1,,75,104,96,110,WASI,WASI,WASI,,,,,,,,,,,,,,,,1,13,,,,,,,,,0,,,-9999,-9999,-9999,-9999,-9999,-9999,-9999,-9999,-9999,-9999,-9999,-9999,-9999,-9999,-9999,,,,,,,,,,,,,,,1,,21.6
NYU,51105,2,0,15.284,1,,61,83,80,89,WASI,WASI,WASI,,,,,,,,,,,,,,,,1,8,,,,,,2,,,0,,,13,14,12,85,13,14,15,94,15,18,17,108,287,95,1,,,,,,,,,,,,,,,1,,20.67
NYU,51106,2,0,15.42,1,,91,85,108,67,WASI,WASI,WASI,,,,,,,,,,,,,,,,1,34,,,,,,9,,,0,,,16,17,15,105,15,15,16,81,13,13,20,101,287,95,1,,,,,,,,,,,,,,,1,,23.92
NYU,51107,2,0,15.53,1,,73,107,112,99,WASI,WASI,WASI,,,,,,,,,,,,,,,,1,17,,,,,,5,,,0,,,16,17,14,103,13,10,16,87,12,11,19,91,281,92,1,,,,,,,,,,,,,,,1,,21.17
NYU,51108,2,0,15.71,1,,63,108,103,110,WASI,WASI,WASI,,,,,,,,,,,,,,,,1,11,,,,,,0,,,0,,,16,17,15,105,13,13,14,89,12,14,19,100,294,97,1,,,,,,,,,,,,,,,1,,20.27
NYU,51109,2,0,16.13,1,,69,109,109,106,WASI,WASI,WASI,,,,,,,,,,,,,,,,1,48,,,,,,,,,0,,,15,16,15,106,11,12,13,81,14,13,16,93,280,90,1,,,,,,,,,,,,,,,1,,27.47
NYU,51110,2,0,16.28,1,,82,125,122,120,WASI,WASI,WASI,,,,,,,,,,,,,,,,1,19,,,,,,,,,0,,,15,16,17,117,15,13,16,97,18,17,19,119,333,114,1,,,,,,,,,,,,,,,1,,28.69
NYU,51111,2,0,16.55,1,,81,113,114,109,WASI,WASI,WASI,,,,,,,,,,,,,,,,1,10,,,,,,0,,,0,,,9,13,15,81,17,10,17,97,15,17,18,107,285,92,1,,,,,,,,,,,,,,,1,,-9999
NYU,51112,2,0,19.228,1,,57,129,127,125,WASI,WASI,WASI,,,,,,,,,,,,,,,,-9999,-9999,,,,,,,,,0,,,-9999,-9999,-9999,-9999,-9999,-9999,-9999,-9999,-9999,-9999,-9999,-9999,-9999,-9999,-9999,,,,,,,,,,,,,,,1,,-9999
NYU,51113,2,0,22.38,1,,100,109,113,103,WASI,WASI,WASI,,,,,,,,,,,,,,,,-9999,-9999,,,,,,,,,0,,,-9999,-9999,-9999,-9999,-9999,-9999,-9999,-9999,-9999,-9999,-9999,-9999,-9999,-9999,-9999,,,,,,,,,,,,,,,1,,-9999
NYU,51114,2,0,22.48,1,,50,123,122,118,WASI,WASI,WASI,,,,,,,,,,,,,,,,-9999,-9999,,,,,,,,,0,,,-9999,-9999,-9999,-9999,-9999,-9999,-9999,-9999,-9999,-9999,-9999,-9999,-9999,-9999,-9999,,,,,,,,,,,,,,,1,,-9999
NYU,51115,2,0,22.76,1,,100,119,129,106,WASI,WASI,WASI,,,,,,,,,,,,,,,,-9999,-9999,,,,,,,,,0,,,-9999,-9999,-9999,-9999,-9999,-9999,-9999,-9999,-9999,-9999,-9999,-9999,-9999,-9999,-9999,,,,,,,,,,,,,,,1,,-9999
NYU,51116,2,0,25.34,1,,91,115,109,118,WASI,WASI,WASI,,,,,,,,,,,,,,,,-9999,-9999,,,,,,,,,0,,,-9999,-9999,-9999,-9999,-9999,-9999,-9999,-9999,-9999,-9999,-9999,-9999,-9999,-9999,-9999,,,,,,,,,,,,,,,1,,-9999
NYU,51117,2,0,28.203,1,,90,103,104,102,WASI,WASI,WASI,,,,,,,,,,,,,,,,-9999,-9999,,,,,,,,,0,,,-9999,-9999,-9999,-9999,-9999,-9999,-9999,-9999,-9999,-9999,-9999,-9999,-9999,-9999,-9999,,,,,,,,,,,,,,,1,,-9999
NYU,51118,2,0,29.02,1,,83,122,115,124,WASI,WASI,WASI,,,,,,,,,,,,,,,,-9999,-9999,,,,,,,,,0,,,-9999,-9999,-9999,-9999,-9999,-9999,-9999,-9999,-9999,-9999,-9999,-9999,-9999,-9999,-9999,,,,,,,,,,,,,,,1,,-9999
NYU,51119,2,0,30.724,1,,81,123,128,111,WASI,WASI,WASI,,,,,,,,,,,,,,,,-9999,-9999,,,,,,,,,0,,,-9999,-9999,-9999,-9999,-9999,-9999,-9999,-9999,-9999,-9999,-9999,-9999,-9999,-9999,-9999,,,,,,,,,,,,,,,1,,-9999
NYU,51120,2,0,10.19,1,,68,115,119,106,WASI,WASI,WASI,,,,,,,,,,,,,,,,1,22,,,,,,,,,0,,,-9999,-9999,-9999,-9999,-9999,-9999,-9999,-9999,-9999,-9999,-9999,-9999,-9999,-9999,-9999,,,,,,,,,,,,,,,1,,-9999
NYU,51121,2,0,10.74,1,,90,113,103,121,WASI,WASI,WASI,,,,,,,,,,,,,,,,1,13,,,,,,,,,0,,,15,13,15,96,20,11,18,105,16,13,17,102,303,101,1,,,,,,,,,,,,,,,1,,20.52
NYU,51122,2,0,11.92,1,,100,111,102,119,WASI,WASI,WASI,,,,,,,,,,,,,,,,1,45,,,,,,,,,0,,,-9999,-9999,-9999,-9999,-9999,-9999,-9999,-9999,-9999,-9999,-9999,-9999,-9999,-9999,-9999,,,,,,,,,,,,,,,1,,-9999
NYU,51123,2,0,12.07,1,,-9999,130,126,128,WASI,WASI,WASI,,,,,,,,,,,,,,,,1,9,,,,,,,,,0,,,-9999,-9999,-9999,-9999,-9999,-9999,-9999,-9999,-9999,-9999,-9999,-9999,-9999,-9999,-9999,,,,,,,,,,,,,,,1,,-9999
NYU,51124,2,0,12.67,1,,63,124,121,120,WASI,WASI,WASI,,,,,,,,,,,,,,,,1,17,,,,,,,,,0,,,-9999,-9999,-9999,-9999,-9999,-9999,-9999,-9999,-9999,-9999,-9999,-9999,-9999,-9999,-9999,,,,,,,,,,,,,,,1,,-9999
NYU,51125,2,0,14.79,1,,60,112,116,106,WASI,WASI,WASI,,,,,,,,,,,,,,,,1,12,,,,,,,,,0,,,-9999,-9999,-9999,-9999,-9999,-9999,-9999,-9999,-9999,-9999,-9999,-9999,-9999,-9999,-9999,,,,,,,,,,,,,,,1,,-9999
NYU,51126,2,0,16.31,1,,100,81,83,83,WASI,WASI,WASI,,,,,,,,,,,,,,,,1,24,,,,,,,,,0,,,-9999,-9999,-9999,-9999,-9999,-9999,-9999,-9999,-9999,-9999,-9999,-9999,-9999,-9999,-9999,,,,,,,,,,,,,,,1,,-9999
NYU,51127,2,0,16.55,1,,29,91,88,96,WASI,WASI,WASI,,,,,,,,,,,,,,,,1,14,,,,,,,,,0,,,-9999,-9999,-9999,-9999,-9999,-9999,-9999,-9999,-9999,-9999,-9999,-9999,-9999,-9999,-9999,,,,,,,,,,,,,,,1,,-9999
NYU,51128,2,0,16.88,1,,68,125,121,123,WASI,WASI,WASI,,,,,,,,,,,,,,,,-9999,-9999,,,,,,,,,0,,,-9999,-9999,-9999,-9999,-9999,-9999,-9999,-9999,-9999,-9999,-9999,-9999,-9999,-9999,-9999,,,,,,,,,,,,,,,1,,-9999
NYU,51129,2,0,17.7,1,,46,102,111,92,WASI,WASI,WASI,,,,,,,,,,,,,,,,1,46,,,,,,,,,0,,,-9999,-9999,-9999,-9999,-9999,-9999,-9999,-9999,-9999,-9999,-9999,-9999,-9999,-9999,-9999,,,,,,,,,,,,,,,1,,-9999
NYU,51130,2,0,19.13,1,,81,107,97,117,WASI,WASI,WASI,,,,,,,,,,,,,,,,-9999,-9999,,,,,,,,,0,,,-9999,-9999,-9999,-9999,-9999,-9999,-9999,-9999,-9999,-9999,-9999,-9999,-9999,-9999,-9999,,,,,,,,,,,,,,,1,,-9999
NYU,51131,2,0,19.73,1,,68,119,112,123,WASI,WASI,WASI,,,,,,,,,,,,,,,,-9999,-9999,,,,,,,,,0,,,-9999,-9999,-9999,-9999,-9999,-9999,-9999,-9999,-9999,-9999,-9999,-9999,-9999,-9999,-9999,,,,,,,,,,,,,,,1,,-9999
NYU,51146,2,0,20.02,1,,100,106,96,116,WASI,WASI,WASI,,,,,,,,,,,,,,,,-9999,-9999,,,,,,,,,0,,,-9999,-9999,-9999,-9999,-9999,-9999,-9999,-9999,-9999,-9999,-9999,-9999,-9999,-9999,-9999,,,,,,,,,,,,,,,1,,-9999
NYU,51147,2,0,20.04,1,,81,129,129,111,WASI,WASI,WASI,,,,,,,,,,,,,,,,-9999,-9999,,,,,,,,,0,,,-9999,-9999,-9999,-9999,-9999,-9999,-9999,-9999,-9999,-9999,-9999,-9999,-9999,-9999,-9999,,,,,,,,,,,,,,,1,,-9999
NYU,51148,2,0,20.3,1,,73,107,108,104,WASI,WASI,WASI,,,,,,,,,,,,,,,,-9999,-9999,,,,,,,,,0,,,-9999,-9999,-9999,-9999,-9999,-9999,-9999,-9999,-9999,-9999,-9999,-9999,-9999,-9999,-9999,,,,,,,,,,,,,,,1,,-9999
NYU,51149,2,0,20.56,1,,73,113,107,118,WASI,WASI,WASI,,,,,,,,,,,,,,,,-9999,-9999,,,,,,,,,0,,,-9999,-9999,-9999,-9999,-9999,-9999,-9999,-9999,-9999,-9999,-9999,-9999,-9999,-9999,-9999,,,,,,,,,,,,,,,1,,-9999
NYU,51150,2,0,22.77,1,,81,132,130,127,WASI,WASI,WASI,,,,,,,,,,,,,,,,-9999,-9999,,,,,,,,,0,,,-9999,-9999,-9999,-9999,-9999,-9999,-9999,-9999,-9999,-9999,-9999,-9999,-9999,-9999,-9999,,,,,,,,,,,,,,,1,,-9999
NYU,51151,2,0,23.08,1,,48,122,121,117,WASI,WASI,WASI,,,,,,,,,,,,,,,,-9999,-9999,,,,,,,,,0,,,-9999,-9999,-9999,-9999,-9999,-9999,-9999,-9999,-9999,-9999,-9999,-9999,-9999,-9999,-9999,,,,,,,,,,,,,,,1,,-9999
NYU,51152,2,0,23.35,1,,35,139,140,129,WASI,WASI,WASI,,,,,,,,,,,,,,,,-9999,-9999,,,,,,,,,0,,,-9999,-9999,-9999,-9999,-9999,-9999,-9999,-9999,-9999,-9999,-9999,-9999,-9999,-9999,-9999,,,,,,,,,,,,,,,1,,-9999
NYU,51153,2,0,26.17,1,,100,114,117,108,WASI,WASI,WASI,,,,,,,,,,,,,,,,-9999,-9999,,,,,,,,,0,,,-9999,-9999,-9999,-9999,-9999,-9999,-9999,-9999,-9999,-9999,-9999,-9999,-9999,-9999,-9999,,,,,,,,,,,,,,,1,,-9999
NYU,51154,2,0,30.08,1,,100,104,103,104,WASI,WASI,WASI,,,,,,,,,,,,,,,,-9999,-9999,,,,,,,,,0,,,-9999,-9999,-9999,-9999,-9999,-9999,-9999,-9999,-9999,-9999,-9999,-9999,-9999,-9999,-9999,,,,,,,,,,,,,,,1,,-9999
NYU,51155,2,0,30.78,1,,90,104,106,100,WASI,WASI,WASI,,,,,,,,,,,,,,,,-9999,-9999,,,,,,,,,0,,,-9999,-9999,-9999,-9999,-9999,-9999,-9999,-9999,-9999,-9999,-9999,-9999,-9999,-9999,-9999,,,,,,,,,,,,,,,1,,-9999
NYU,51156,2,0,21.15,1,,100,120,118,119,WASI,WASI,WASI,,,,,,,,,,,,,,,,-9999,-9999,,,,,,,,,0,,,-9999,-9999,-9999,-9999,-9999,-9999,-9999,-9999,-9999,-9999,-9999,-9999,-9999,-9999,-9999,,,,,,,,,,,,,,,1,,-9999
NYU,51159,2,0,12.81,1,,100,118,122,109,WASI,WASI,WASI,,,,,,,,,,,,,,,,1,11,,,,,,0,,,0,,,14,14,14,94,13,9,18,89,16,12,14,95,278,91,1,,,,,,,,,,,,,,,2,,22.04
